{
    "$schema": "https://schema.management.azure.com/schemas/2015-01-01/deploymentParameters.json#",
    "contentVersion": "1.0.0.0",
    "parameters": {
        "factoryName": {
            "value": "ADFv2nithesh"
        },
        "Blobnithsfileshare_connectionString": {
            "value": ""
        },
        "AzureSqlDatabase_connectionString": {
            "value": ""
        },
        "Sourcefile_properties_typeProperties_fileName": {
            "value": "Sample_File.csv"
        },
        "Sourcefile_properties_typeProperties_folderPath": {
            "value": "adftest/File"
        },
        "containerUri": {
            "value": ""
        },
        "containerSasToken": {
            "value": ""
        }
    }
}