{
    "$schema": "http://schema.management.azure.com/schemas/2015-01-01/deploymentTemplate.json#",
    "contentVersion": "1.0.0.0",
    "parameters": {
        "factoryName": {
            "type": "string",
            "metadata": "Data Factory Name",
            "defaultValue": "ADFv2nithesh"
        },
        "Blobnithsfileshare_connectionString": {
            "type": "secureString",
            "metadata": "Secure string for 'connectionString' of 'Blobnithsfileshare'"
        },
        "AzureSqlDatabase_connectionString": {
            "type": "secureString",
            "metadata": "Secure string for 'connectionString' of 'AzureSqlDatabase'"
        },
        "Sourcefile_properties_typeProperties_fileName": {
            "type": "string",
            "defaultValue": "Sample_File.csv"
        },
        "Sourcefile_properties_typeProperties_folderPath": {
            "type": "string",
            "defaultValue": "adftest/File"
        },
        "containerUri": {
            "type": "string",
            "metadata": "URI to storage account containing linked ARM templates"
        },
        "containerSasToken": {
            "type": "string",
            "metadata": "Sas Token to storage account containing linked ARM templates"
        }
    },
    "variables": {
        "factoryId": "[concat('Microsoft.DataFactory/factories/', parameters('factoryName'))]"
    },
    "resources": [
        {
            "name": "ArmTemplate_0",
            "type": "Microsoft.Resources/deployments",
            "apiVersion": "2018-02-01",
            "properties": {
                "mode": "incremental",
                "templateLink": {
                    "uri": "[concat(parameters('containerUri'), '/ArmTemplate_0.json', parameters('containerSasToken'))]",
                    "contentVersion": "1.0.0.0"
                },
                "parameters": {
                    "factoryName": {
                        "value": "[parameters('factoryName')]"
                    },
                    "Blobnithsfileshare_connectionString": {
                        "value": "[parameters('Blobnithsfileshare_connectionString')]"
                    },
                    "AzureSqlDatabase_connectionString": {
                        "value": "[parameters('AzureSqlDatabase_connectionString')]"
                    },
                    "Sourcefile_properties_typeProperties_fileName": {
                        "value": "[parameters('Sourcefile_properties_typeProperties_fileName')]"
                    },
                    "Sourcefile_properties_typeProperties_folderPath": {
                        "value": "[parameters('Sourcefile_properties_typeProperties_folderPath')]"
                    }
                }
            },
            "dependsOn": []
        }
    ]
}